{
"number" : 1709312,
"count" : 0,
"Circles" : 
[
{
"Center " : {"x" : 1734688, "y" : 0}
"Radius" : {"x" : 1709056, "y" : 0}
"Square " : 2062978176.000000,
{
"Center " : {"x" : 1709056, "y" : 0}
"Radius" : {"x" : 1734688, "y" : 0}
"Square " : 2062978176.000000,
{
"Center " : {"x" : 0, "y" : 32762}
"Radius" : 